model_id,training_hours,accuracy,loss,dataset_size_gb,learning_rate,hardware_type,gpu_temp_c,deployment_status
MOD-001,17.814093312773515,0.7861362204369237,0.2035997658533274,50.0,0.1,CPU Only,70.64679059405344,Review
MOD-002,12.235971991511272,0.9131920064030299,0.011323355634292376,50.0,0.001,Unknown,74.22678907715736,Review
MOD-003,11.511402834266312,0.8186859586650611,0.18737138642743373,10.0,0.01,NVIDIA V100,,Approved
MOD-004,11.511524377238725,0.7324736351491034,0.30868780876823776,,0.0001,NVIDIA V100,65.22912224090422,Rejected
MOD-005,30.830699685931968,0.7780670698398369,0.21790533556920197,10.0,0.001,NVIDIA A100,67.32073877265785,Rejected
MOD-006,20.63226127500733,0.7427577117293986,0.23195947027372932,10.0,0.01,nan,68.1699314278265,Approved
MOD-007,9.855700378265393,0.9431547716794325,0.028215895128251553,50.0,0.001,NVIDIA A100,74.875806380377,Rejected
MOD-008,18.272048493748258,0.9570492173158145,0.06970785445695155,100.0,0.1,NVIDIA V100,90.79260629360606,Rejected
MOD-009,15.408129683771659,0.9769099104127212,0.06105948655273662,10.0,0.01,NVIDIA V100,66.27165250979328,Approved
MOD-010,3.0182836223192986,0.6884355560818265,0.37962494968422944,100.0,0.01,NVIDIA V100,68.6669975550763,Rejected
MOD-011,6.655489539976548,0.9357120728298977,0.01453793250958444,50.0,0.01,NVIDIA A100,71.49501589511001,Rejected
MOD-012,16.067256844085136,0.99,0.03629887792088085,10.0,0.01,CPU Only,75.16639078967798,Approved
MOD-013,29.237551604671808,,,10.0,0.001,NVIDIA A100,74.10840649563828,Rejected
MOD-014,11.573530649591156,0.6779016305703465,0.3174866591979895,50.0,0.001,RTX 4090,82.27276635158493,Approved
MOD-015,9.364092814532677,0.99,0.0300912927017001,10.0,0.01,NVIDIA A100,52.58886343571834,Pending
MOD-016,14.259673622222063,0.8533351229705552,0.16704768971069212,1000.0,0.1,NVIDIA A100,52.90456103843462,Approved
MOD-017,9.005843822184573,0.8314080714799622,0.19503033380961649,500.0,0.0001,Unknown,68.0329746239188,Pending
MOD-018,11.090658066032939,0.8860876237266382,0.06103881666357131,,0.001,NVIDIA A100,80.77840150034967,Rejected
MOD-019,13.223432301113863,0.7660794461943611,0.196429983447316,10.0,0.0001,CPU Only,59.47481574715523,Approved
MOD-020,6.427556277848339,0.8502225896737263,0.2240708241021579,,0.01,NVIDIA V100,47.938941282449946,Rejected
MOD-021,21.240128342569783,0.9796343716083259,0.009337005017632106,50.0,0.001,NVIDIA A100,76.56943524975367,Rejected
MOD-022,5.6429365346202065,0.899791749641863,0.11550897025903178,50.0,0.001,nan,,Rejected
MOD-023,5.163165635936201,0.8546721177682134,0.1980611978339459,10.0,0.0001,NVIDIA A100,63.27833274560456,Rejected
MOD-024,15.00615434243635,0.8571686527942087,0.16600350082383222,10.0,0.0001,CPU Only,64.11568319423256,Rejected
MOD-025,20.317444114245685,0.7554884813360958,0.27183765021250617,100.0,0.01,NVIDIA A100,64.2420502429226,Approved
MOD-026,14.782065343370212,0.838000968688022,0.20672791527416584,50.0,0.1,CPU Only,72.88428253979153,Approved
MOD-027,12.411184533120704,0.7192563731496187,0.17491043880553134,10.0,0.01,NVIDIA A100,66.98947779053594,Pending
MOD-028,11.022841899333917,0.9317952761915048,0.04370721605046844,100.0,0.1,NVIDIA V100,75.95251135180416,Rejected
MOD-029,9.914796139393802,0.6751431614019725,0.3482871284230071,10.0,-0.01,CPU Only,49.162986696764875,Approved
MOD-030,23.961179395225635,0.9183920303696568,0.15099018498322608,50.0,0.01,Unknown,65.1451850789776,Pending
MOD-031,16.158378625626398,0.9283528720667249,0.07495190591606375,50.0,0.0001,Unknown,62.9915683127116,Approved
MOD-032,10.429821314377264,0.9555011692581755,0.002263007654019704,500.0,0.01,CPU Only,69.94927457302006,Pending
MOD-033,8.534818706729547,0.8569487330529442,0.10214696446653071,500.0,0.001,CPU Only,67.69561793207889,Approved
MOD-034,18.977182076800613,0.9233302772926023,0.1208627828800514,50.0,0.001,NVIDIA A100,78.38275023916613,Approved
MOD-035,23.647288071144867,0.8372202687707827,0.15189105210962295,50.0,0.001,NVIDIA V100,57.12530582671954,Review
MOD-036,,0.7550642305849653,0.24457576712551787,50.0,0.1,NVIDIA V100,,Approved
MOD-037,7.587934695235368,0.9724585914030396,0.058292918285576374,500.0,0.001,NVIDIA V100,76.46669138569365,Pending
MOD-038,10.964625996119173,0.842249133630794,0.01267468223452703,50.0,0.001,NVIDIA V100,86.85317949249564,Approved
MOD-039,9.791095209163855,1.405468787300828,-0.305450411725424,10.0,0.0001,NVIDIA V100,68.1458722312522,Rejected
MOD-040,11.874157174979608,0.8126548043368174,0.15079150391062957,10.0,-0.01,NVIDIA A100,74.59566883482013,Pending
MOD-041,21.128741427104735,0.8158140253945463,0.1962827930791323,50.0,0.01,RTX 4090,57.56909765950108,Approved
MOD-042,27.755530909679884,0.8869357534499369,0.02782939587524952,50.0,-0.01,NVIDIA A100,178.44063682169366,Pending
MOD-043,16.50941016410244,0.99,-0.011127055520251873,500.0,0.01,NVIDIA V100,78.7581950062536,Rejected
MOD-044,8.729138203303304,0.8917934890626051,0.1704409132556497,10.0,0.0001,NVIDIA V100,71.95551765081544,Rejected
MOD-045,13.042948909482153,0.866547508159722,0.03764413285698402,50.0,0.01,CPU Only,81.42810151838738,Rejected
MOD-046,30.623156619533212,0.99,,500.0,0.01,RTX 4090,61.01277688824201,Pending
MOD-047,14.056773119801457,0.928311483193018,0.05800371199536275,500.0,0.001,RTX 4090,76.15921711623002,Approved
MOD-048,,0.8703399363307942,0.1540182856802154,50.0,0.001,NVIDIA A100,86.95054272435083,Approved
MOD-049,11.618943997315371,0.8116470512945524,0.22122916937970313,50.0,0.01,NVIDIA V100,75.35764486685812,Pending
MOD-050,16.466858858147052,0.8752960060963648,0.14677506887818145,50.0,0.01,NVIDIA A100,74.21265204472839,Pending
MOD-051,7.761516202884038,0.8446887676725491,0.1120636997459096,1000.0,0.001,NVIDIA V100,72.0684486465948,Approved
MOD-052,9.641779192665565,0.8573147302047197,0.1244578124685291,10.0,0.1,NVIDIA V100,,Rejected
MOD-053,22.291149707410113,0.9551521939815578,-0.0282300028440986,1000.0,0.01,NVIDIA A100,82.84458348568279,Rejected
MOD-054,16.201732967529747,0.8067742253490009,0.2178155912304031,100.0,0.01,NVIDIA V100,67.11313888155948,Rejected
MOD-055,14.141778703242052,0.8910832566530811,0.1940195010477152,50.0,0.001,nan,76.03586605106413,Approved
MOD-056,22.90914117800035,0.9259151991870075,-0.017137243520830625,10.0,0.01,nan,,Rejected
MOD-057,8.383317821600077,0.7970309986540473,0.16488670603905098,50.0,0.0001,NVIDIA V100,62.56432268393776,Approved
MOD-058,10.832931243207955,0.7841902867608719,0.20672094944498146,50.0,0.0001,NVIDIA A100,83.48069919377788,Pending
MOD-059,15.9002352351979,0.8379726461935277,0.17069442499214998,10.0,0.001,NVIDIA A100,69.22158168833725,Pending
MOD-060,15.580441323549039,0.8130696327794831,0.23088918229223826,100.0,0.01,NVIDIA V100,83.62620380834036,Rejected
MOD-061,4.7941320244358065,0.9421866086993202,0.05020339228279642,,0.0001,Unknown,71.37415472753186,Approved
MOD-062,10.185242264278529,0.7698585377148276,0.21434352596288989,50.0,0.001,NVIDIA A100,57.26481781633714,Approved
MOD-063,12.059320363002243,0.8554777094822936,0.19967882582119342,100.0,0.0001,CPU Only,79.13654079785377,Rejected
MOD-064,16.911970411269625,0.99,0.04309977835316527,10.0,0.001,NVIDIA A100,67.28086145795514,Pending
MOD-065,15.54871449258762,0.8830445227028946,0.14390437608216036,50.0,0.0001,nan,77.58951050813634,Approved
MOD-066,12.734675178006237,0.8963432115443908,0.10928257403501493,10.0,0.001,NVIDIA V100,72.20168694032066,Rejected
MOD-067,3.0016615405566034,0.94285459965577,0.10630301089022293,100.0,0.001,CPU Only,59.655054176457035,Approved
MOD-068,13.118017975780214,0.8129640747659712,0.15422045567251547,1000.0,-0.01,NVIDIA V100,73.31435812296455,Approved
MOD-069,13.83118184643235,0.7634864297003676,0.19687885619032847,100.0,0.001,RTX 4090,89.5697851372224,Approved
MOD-070,45.253120278067264,0.8641209020930196,0.1731841472504466,10.0,0.001,NVIDIA A100,75.94389166811567,Approved
MOD-071,11.82357668316078,0.871232306267883,0.047515895269771624,50.0,0.01,NVIDIA A100,71.5398579759563,Approved
MOD-072,15.950117890598756,0.7205431364229471,0.2840658390588773,50.0,0.001,Unknown,80.60274721565519,Rejected
MOD-073,25.01044416909467,0.8800057531746222,0.10416632921225225,50.0,0.001,Unknown,73.6853477216249,Pending
MOD-074,20.46339211375042,0.9355880398960831,-0.0058757764287308695,500.0,0.01,CPU Only,73.67627384210236,Pending
MOD-075,28.379863620184608,0.7769641541580792,0.1764724668561076,500.0,0.01,RTX 4090,63.26699862272718,Approved
MOD-076,4.850166155558396,0.884844467869985,0.10970672751524749,100.0,0.001,CPU Only,73.87078420631678,Approved
MOD-077,6.770695389596893,0.9213810928296107,0.13031706999534046,50.0,0.0001,NVIDIA A100,80.28354733133555,Approved
MOD-078,9.223425523139943,0.8969342566824064,0.070417843754703,10.0,0.001,NVIDIA V100,65.3115027831998,Approved
MOD-079,4.256976078069804,0.9044804990993245,0.1561885708959252,10.0,0.01,NVIDIA V100,83.39596656997558,Rejected
MOD-080,13.901019031221002,,,50.0,0.001,RTX 4090,71.266351806839,Rejected
MOD-081,7.1470281103066435,0.7597996529807522,0.3057195821277463,50.0,0.01,NVIDIA V100,64.89784390769168,Approved
MOD-082,30.41456491248921,0.814228283009287,0.15554713655171062,100.0,0.001,NVIDIA A100,79.98105661536195,Approved
MOD-083,,0.80311543185035,0.19444408874438163,100.0,0.01,RTX 4090,,Approved
MOD-084,10.87279651765119,0.8435792763033964,0.17484490386345342,10.0,0.01,CPU Only,78.07611909988886,Approved
MOD-085,21.139745827752698,0.9374616724367943,0.05356280442613006,50.0,0.01,NVIDIA V100,69.6659309419317,Pending
MOD-086,5.59694143752967,0.7450527897468665,0.3025984176103953,10.0,0.01,NVIDIA A100,71.52139085176077,Approved
MOD-087,4.043914533238529,0.8615400018253913,,10.0,0.01,NVIDIA A100,75.94848163467434,Rejected
MOD-088,14.898392344435464,0.7649278683585717,0.35619240858092527,500.0,0.01,NVIDIA A100,74.32717646072005,Rejected
MOD-089,15.569823038629554,0.7907962465741782,0.25209248377557986,10.0,0.001,NVIDIA V100,56.03574575638609,Pending
MOD-090,20.789828828557972,0.8946992602089473,0.09662414833930189,50.0,0.001,RTX 4090,63.030050079244866,Pending
MOD-091,18.0651312480254,0.754804395730744,0.2175795205903888,10.0,0.01,RTX 4090,79.43527987832653,Pending
MOD-092,15.908173324941979,0.9087395431762383,0.04793942625133399,500.0,0.0001,RTX 4090,70.94290728878762,Approved
MOD-093,8.516016233403004,0.741826844270022,0.2904539294384649,50.0,0.01,NVIDIA V100,67.81014957782862,Rejected
MOD-094,15.32100052035321,0.9033584322750527,0.14639065116456496,10.0,0.001,CPU Only,61.131407877940205,Pending
MOD-095,15.872267126313035,0.726037498433719,0.265836195159786,50.0,0.01,NVIDIA A100,63.362109429793215,Approved
MOD-096,8.309836234629715,0.8005749856594707,0.2547745349894544,100.0,0.01,NVIDIA V100,,Rejected
MOD-097,35.105721063115325,0.99,,,0.001,CPU Only,71.18975425038774,Pending
MOD-098,17.588423166776472,0.9866837095813509,-0.040874252080692675,10.0,0.001,NVIDIA A100,,Rejected
MOD-099,6.853426347696746,0.8169980277986284,0.27366903246364904,500.0,0.1,NVIDIA A100,64.26729687211748,Approved
MOD-100,20.847650867826605,0.8811968468823921,0.14835858379453506,1000.0,0.001,CPU Only,71.45501259865638,Approved
MOD-101,22.847482461256952,0.9463254415107907,0.12351696857987572,1000.0,-0.01,NVIDIA V100,74.9117650468219,Rejected
MOD-102,16.99563156365616,0.9045036939536377,0.05279932062697764,100.0,0.01,RTX 4090,88.74558345767956,Approved
MOD-103,11.428430988603022,0.828122860283614,0.12570087012794945,100.0,0.01,NVIDIA A100,59.90493264349429,Rejected
MOD-104,8.077406857489906,0.7901091748770933,0.19196035915002957,50.0,0.01,RTX 4090,81.27504834640418,Pending
MOD-105,12.713656324133261,0.9194482514366343,0.039348806486415075,100.0,0.01,NVIDIA V100,79.78481248812058,Approved
MOD-106,16.317304615906025,0.9404562646891601,0.09481199582226243,50.0,0.001,NVIDIA A100,65.7672580849864,Pending
MOD-107,13.439775333880021,0.987256146751551,-0.02481244959787332,100.0,0.001,RTX 4090,73.62588763668825,Rejected
MOD-108,29.07091336604886,0.7150200461237542,0.22639646097288124,50.0,0.01,NVIDIA A100,68.33893400529908,Approved
MOD-109,19.12209344248074,0.7497500169439157,0.25735075366884586,100.0,0.1,NVIDIA V100,73.48550864334992,Pending
MOD-110,7.487785616992404,0.9429538881717664,-0.00745319696302707,500.0,0.0001,NVIDIA A100,84.0730481072364,Pending
MOD-111,6.361613320615659,0.7258775562599858,0.1841492471662447,10.0,0.01,NVIDIA A100,191.3433923586681,Rejected
MOD-112,17.673406344568324,0.9490839963929546,0.05757886530010929,500.0,0.01,NVIDIA V100,76.06886698586753,Pending
MOD-113,11.590727930711058,0.8328053995211686,0.07973359832832089,50.0,0.01,NVIDIA A100,68.55752544036287,Pending
MOD-114,20.05406201388999,0.8083268944530652,0.230437075361706,500.0,0.01,Unknown,60.12754668060532,Pending
MOD-115,17.582577533390715,0.8664342877017175,0.06379902598564272,50.0,0.01,NVIDIA A100,70.33225431567674,Rejected
MOD-116,12.747484029786005,0.7423705238211601,0.14559578685785252,50.0,0.001,NVIDIA V100,81.65286523891132,Pending
MOD-117,7.545532856862996,0.9159211864478681,0.06938898104509215,1000.0,0.01,NVIDIA A100,59.78265714728282,Review
MOD-118,4.395050385803921,0.9851709598155758,0.022058765349248437,10.0,0.01,NVIDIA V100,63.55928505458644,Pending
MOD-119,15.158907829025905,0.9196460972651392,0.10492765591895778,500.0,-0.01,Unknown,73.01014188987254,Approved
MOD-120,5.529129204671586,0.8302793045956687,0.178321480355124,50.0,0.001,NVIDIA A100,64.1227617212219,Rejected
MOD-121,7.34037297799779,0.7269571433787647,,50.0,0.1,nan,65.6598124230783,Rejected
MOD-122,14.62829120890055,0.7300330035037653,0.3056200555425649,50.0,0.01,NVIDIA A100,68.61121134617458,Approved
MOD-123,13.814274986631816,0.7436285358208554,0.3043783895031319,50.0,0.01,RTX 4090,61.075060766478806,Review
MOD-124,6.008994574165457,0.8490177378310146,0.09069415574620843,50.0,0.001,NVIDIA V100,,Approved
MOD-125,24.2754781477535,0.8590720050618084,0.13187768800521094,10.0,0.01,CPU Only,77.62742333429847,Approved
MOD-126,23.921130910174895,0.9194754808592797,0.06680251778526936,10.0,0.01,RTX 4090,188.10937555970412,Review
MOD-127,17.996173793652947,0.706317681081354,0.30470139805804775,10.0,0.001,NVIDIA V100,59.2170229240413,Rejected
MOD-128,17.98371849390613,0.954896818431392,0.03485699197990259,,0.001,NVIDIA A100,66.95980016372884,Approved
MOD-129,17.996297637098802,0.9055525055156297,0.09105360588072145,,0.001,NVIDIA A100,77.85564402007877,Rejected
MOD-130,22.738052892984367,0.8238530965550291,0.20823767995705542,50.0,0.001,Unknown,70.42462553602488,Rejected
MOD-131,19.390448409806822,0.754819076661432,0.18948826835851135,100.0,0.001,NVIDIA V100,,Approved
MOD-132,7.9663293764840235,1.5250228874460023,-0.48815423068296115,50.0,0.01,NVIDIA V100,72.35487038012485,Review
MOD-133,11.491683106604016,0.8259924831010093,0.23106415347555329,100.0,0.01,CPU Only,58.03434053712279,Rejected
MOD-134,42.56816377672196,0.8483984880524457,0.23330826162199775,500.0,0.01,NVIDIA V100,75.95764523020026,Rejected
MOD-135,3.15999712660609,0.8806889576630346,0.012142676130097466,1000.0,0.01,nan,75.06748025122916,Rejected
MOD-136,9.839305713557561,0.7769440875374711,0.21391082960676797,50.0,-0.01,RTX 4090,68.72553220723422,Rejected
MOD-137,24.3473689072679,0.8274255536779801,0.07431941760434044,100.0,0.001,RTX 4090,80.04739609437134,Approved
MOD-138,8.3041643445351,0.9192253521616304,-0.04097853665027157,10.0,0.0001,CPU Only,62.98003120837569,Approved
MOD-139,19.687574956252316,0.911127686279702,0.09607696610067194,,0.01,NVIDIA A100,81.02327194602856,Rejected
MOD-140,13.708897901764445,0.911848576535619,0.06819383382186289,10.0,0.01,NVIDIA V100,73.235949324762,Pending
MOD-141,8.689303424733607,0.7575856199087654,0.2574069276797719,100.0,0.01,NVIDIA V100,69.30757928097461,Approved
MOD-142,2.6915857724290806,0.8310735719416688,0.19323281256269703,100.0,0.01,NVIDIA A100,71.84101091705351,Rejected
MOD-143,14.914403545332021,0.8182884931961756,0.24410630470922046,100.0,0.01,RTX 4090,71.14188187351246,Pending
MOD-144,,0.8840143073819762,0.11868171388331282,10.0,0.0001,Unknown,,Approved
MOD-145,12.41828367571456,0.8768526391719118,0.2693151416940426,1000.0,0.001,NVIDIA V100,63.38656698023189,Approved
MOD-146,17.896161163145777,0.8624341864594349,0.15288630628982572,10.0,0.001,NVIDIA V100,65.89984608682721,Approved
MOD-147,21.72500301915737,0.99,0.10212395222836057,100.0,0.001,nan,80.29042313657983,Rejected
MOD-148,9.819226847372729,0.826735513588477,0.056622596385310614,10.0,0.1,NVIDIA V100,67.23572051852912,Approved
MOD-149,8.678696866134217,0.8173741531145164,0.2501128233630148,50.0,0.01,NVIDIA V100,79.20426461865273,Rejected
MOD-150,5.4606478523428965,0.7574600263731155,0.23350194913710648,50.0,0.01,NVIDIA V100,,Rejected
MOD-151,22.319453125768838,0.7269722139256903,0.17561042310294608,50.0,0.01,Unknown,68.78563978446694,Rejected
MOD-152,39.25038955779446,0.752374609822738,0.26865264563866803,10.0,0.0001,RTX 4090,77.45089861260244,Approved
MOD-153,23.664827407081667,1.5322268912148067,-0.5473746681140226,10.0,-0.01,CPU Only,62.77046174928113,Rejected
MOD-154,26.583326538096994,0.9548058475550282,0.07419681486737893,50.0,0.01,CPU Only,78.03786638454247,Pending
MOD-155,8.349706903790095,0.8531331123489487,0.1974207105286052,100.0,0.1,NVIDIA V100,73.59539188789414,Review
MOD-156,17.295310412462428,0.8654664533562186,0.06007604080570157,500.0,0.0001,NVIDIA V100,75.78430625728173,Pending
MOD-157,20.711002681226155,0.8422981353438322,0.20844781377892563,10.0,0.01,CPU Only,66.83542342371683,Rejected
MOD-158,0.5165938507701943,0.8792240794417431,0.12109989476929275,50.0,0.01,NVIDIA V100,58.71133267546262,Rejected
MOD-159,6.596290200287922,0.9621657717774275,0.10547628695723617,10.0,0.001,CPU Only,76.02601651799604,Approved
MOD-160,31.596493068283912,0.6904855330985571,0.2992570554515495,10.0,-0.01,Unknown,55.49277478016437,Approved
MOD-161,4.733408308636768,0.9474669852468304,0.029012570126598566,100.0,0.01,RTX 4090,69.46119606205973,Approved
MOD-162,28.902911452189407,0.6487969237971994,0.35255577823724815,100.0,0.0001,RTX 4090,79.52945493135975,Rejected
MOD-163,4.710028040215399,0.8522562169217542,0.15283681839723842,10.0,0.01,CPU Only,73.53518188698429,Approved
MOD-164,6.817720447982467,0.99,-0.02313924007458676,10.0,0.0001,CPU Only,87.5867411583185,Approved
MOD-165,17.473482013738302,0.9044526351625235,0.07073212828971231,10.0,0.001,NVIDIA V100,80.20087322065419,Review
MOD-166,13.911424090469469,0.8798447148256509,0.05881150844865968,500.0,0.001,NVIDIA A100,66.76881289339539,Approved
MOD-167,10.428217955604499,0.99,-0.011732254489509722,,0.0001,NVIDIA V100,72.21850703881151,Approved
MOD-168,30.92794556405435,0.7937549681599084,0.24006053483997053,10.0,0.0001,RTX 4090,71.62103437964451,Approved
MOD-169,5.565182608709738,,,10.0,0.1,NVIDIA V100,59.34258589323098,Rejected
MOD-170,12.13201452014967,0.8962493677979114,0.154203897004455,500.0,0.01,RTX 4090,64.47680866812517,Rejected
MOD-171,,0.8082078292618379,0.18252069735550844,1000.0,0.001,NVIDIA V100,67.51391274416112,Approved
MOD-172,15.761732332125241,0.8152711856403215,,50.0,0.01,RTX 4090,55.71023597715251,Rejected
MOD-173,8.867889349970435,0.8064976453421329,0.2233660990356963,10.0,0.001,NVIDIA A100,72.37994774601314,Pending
MOD-174,9.076892968342932,0.8569851979206851,0.10933364502764481,10.0,0.001,RTX 4090,70.00742524277567,Pending
MOD-175,21.54289037647089,0.893735328461705,0.09459630710011827,50.0,0.001,NVIDIA V100,58.61684878950741,Review
MOD-176,22.109895517875433,0.859858421833173,0.2020201805410329,50.0,0.001,NVIDIA A100,75.23370292221865,Pending
MOD-177,16.0031025861112,0.9067569453943884,0.03519953161953586,10.0,-0.01,NVIDIA V100,77.72698195752767,Rejected
MOD-178,7.6453985834850435,0.6924682171221161,0.3157689722511031,50.0,0.01,RTX 4090,73.81627583091911,Approved
MOD-179,9.262544376064078,0.832539906900573,0.1654341755976374,10.0,0.001,NVIDIA V100,,Approved
MOD-180,13.163399625449914,0.7681264551719483,0.2669198305999068,100.0,0.01,NVIDIA A100,76.73153721401484,Approved
MOD-181,14.314433420192048,0.8741378010146319,0.16861986725946923,50.0,0.01,nan,77.44176288381352,Rejected
MOD-182,18.31779415155903,0.8729533942937858,0.1402385559186588,10.0,0.01,RTX 4090,74.45922855775751,Pending
MOD-183,11.749636302190737,0.8407502308034036,0.1412310368675764,50.0,0.1,nan,65.40310199652191,Rejected
MOD-184,21.27212347051494,0.8908223208425656,0.13284630435873238,50.0,0.1,NVIDIA V100,74.21280612408944,Approved
MOD-185,21.13966166070107,0.9298250174611222,0.13695777739610587,,0.1,NVIDIA V100,81.56384520660383,Rejected
MOD-186,27.085289543965366,0.8451583582154953,0.15347714480251962,50.0,-0.01,CPU Only,67.22696753110615,Review
MOD-187,13.505565301862372,0.7658644089520238,0.22077278532682487,10.0,0.01,NVIDIA V100,88.78351471305945,Rejected
MOD-188,16.1591432333481,,,100.0,0.01,RTX 4090,67.79495252811692,Pending
MOD-189,12.298698466851,0.8528888140264103,0.14904753699207032,10.0,0.001,NVIDIA V100,72.2592561067211,Pending
MOD-190,7.706277652051121,0.8693493361210832,0.06376519268302681,1000.0,0.001,NVIDIA V100,66.62011523194931,Review
MOD-191,38.753250034173846,0.7724380888384017,0.23952845118147237,50.0,0.001,NVIDIA A100,73.78616668736208,Pending
MOD-192,25.20078281074218,0.9080613458530425,0.02460053370876926,50.0,0.01,NVIDIA A100,58.0622264589178,Pending
MOD-193,20.898047393652504,0.813283449134034,0.20544058318638822,10.0,0.001,NVIDIA A100,,Approved
MOD-194,13.233588615874051,0.7174853707863079,0.2426574929933637,50.0,0.001,NVIDIA A100,63.263030397211466,Approved
MOD-195,7.267141768111168,0.9505149073876151,0.05132883282170217,500.0,0.01,nan,73.08270678313832,Rejected
MOD-196,22.985063489381076,0.9415190335361731,0.07801066177378876,500.0,0.001,NVIDIA A100,79.95557900407125,Approved
MOD-197,,1.4642648101874545,-0.3415696428902759,10.0,0.001,RTX 4090,77.16804949691641,Review
MOD-198,16.99707649687791,0.8049919774677046,0.23214552062164165,10.0,0.001,CPU Only,53.02672511312886,Approved
MOD-199,9.23986864359193,0.8018733054868579,,500.0,0.01,RTX 4090,88.33655722342304,Pending
MOD-200,15.435158405006145,,,1000.0,0.0001,NVIDIA A100,74.36223952496695,Approved
MOD-201,9.607704555768798,0.8420565831966674,0.1824062126533048,10.0,0.01,RTX 4090,65.788006876056,Approved
MOD-202,9.84526484512402,0.7303297441555665,0.28395474585779346,50.0,0.01,RTX 4090,73.25702335192753,Review
MOD-203,15.319175415172094,0.9205683825792702,0.026095561979419,50.0,0.0001,RTX 4090,73.40951858002154,Approved
MOD-204,4.6603352995272225,0.7515379563387135,0.24263054704126683,500.0,0.001,CPU Only,66.6652102643875,Approved
MOD-205,4.8268508125062946,0.8291727607422591,0.1346728527759478,10.0,0.01,nan,73.58333333873661,Approved
MOD-206,8.285477603019068,0.7884184897695299,0.1915285677242508,10.0,0.001,RTX 4090,67.14022169903754,Rejected
MOD-207,11.665374658103516,0.8051635921376048,0.2883695766720186,100.0,0.001,NVIDIA V100,68.76510405847982,Approved
MOD-208,21.633604485848508,0.9249806471651151,0.08075042829488441,10.0,0.0001,RTX 4090,66.50976691395933,Rejected
MOD-209,12.06961063286309,0.9717064129065732,-0.015501391792378666,50.0,0.0001,NVIDIA A100,60.53862968208278,Rejected
MOD-210,13.182744718388646,0.7480505002896497,0.32067617244491553,50.0,0.001,CPU Only,73.16669176172307,Pending
MOD-211,11.112590864583842,0.9000861140406253,0.1476776597712471,50.0,0.001,NVIDIA A100,76.68239549213071,Pending
MOD-212,16.145709607010406,0.7913797096248003,0.2590029650052195,50.0,0.01,NVIDIA V100,76.11906876861097,Rejected
MOD-213,,0.793866247198074,0.10582724264680629,50.0,0.01,CPU Only,78.55940202108188,Approved
MOD-214,12.46487916433528,0.8892508977138172,0.20818265017225712,10.0,0.001,RTX 4090,74.59472168011895,Pending
MOD-215,16.889600976602253,0.7677677787429044,0.20430648415240127,50.0,0.001,NVIDIA V100,67.73819601426477,Approved
MOD-216,15.248012675339897,0.8876482080620035,0.15124953057763427,500.0,0.001,NVIDIA V100,78.71731091544952,Rejected
MOD-217,13.436414362539537,0.9084090685207787,,100.0,0.01,CPU Only,61.13985968126452,Rejected
MOD-218,13.534460985661012,0.8153974190640785,0.2923692183454524,10.0,0.01,NVIDIA V100,64.79462893990016,Pending
MOD-219,17.82681523764711,0.9561662481610933,-0.005044354434727651,10.0,0.001,CPU Only,64.28639942861405,Rejected
MOD-220,39.773032416011375,0.7481740310350794,0.17960010211480693,10.0,0.01,NVIDIA A100,80.64044847311447,Approved
MOD-221,7.998098474117863,0.9576324952489338,,50.0,0.0001,CPU Only,79.54230811312061,Rejected
MOD-222,40.39585581010567,0.6944810056411893,0.31262178493851067,50.0,0.01,CPU Only,75.89844189635996,Rejected
MOD-223,7.76262807516528,0.99,-0.015044072065103987,100.0,0.001,NVIDIA A100,80.57543892169437,Approved
MOD-224,2.4235398343280723,0.8175038209102534,0.21355710643669895,10.0,0.1,NVIDIA V100,64.9657377407041,Rejected
MOD-225,9.48477822778528,0.7570154274889905,0.23484059363803741,10.0,0.01,NVIDIA A100,74.78876095888785,Pending
MOD-226,16.322947682566166,0.8313862473184,0.2036799595340371,50.0,0.001,RTX 4090,70.99860457293468,Review
MOD-227,35.2678253087596,0.7662817645900457,0.23706732580089093,100.0,0.01,NVIDIA V100,78.77505683107931,Rejected
MOD-228,7.260822279354928,0.8809572239083634,0.15516217250804495,10.0,0.001,RTX 4090,71.07820613958242,Approved
MOD-229,17.766643049094252,0.9594125865176117,-0.004139220974431174,100.0,0.001,NVIDIA A100,,Approved
MOD-230,5.197740607388997,0.7705235019154658,0.3006995987411659,10.0,0.001,NVIDIA A100,,Pending
MOD-231,34.57418141987398,0.8963519391339203,0.13852922940270163,500.0,0.001,NVIDIA A100,79.00935333752986,Pending
MOD-232,25.46794511164923,0.7273811704883393,0.30493369798183934,500.0,0.1,NVIDIA V100,66.65323844122558,Approved
MOD-233,9.857694571494392,0.932636378658289,0.01148012499111134,10.0,0.01,RTX 4090,71.511394629181,Approved
MOD-234,27.72402571591078,0.8832989093542076,0.2016827114780047,10.0,0.01,CPU Only,63.532474930866776,Pending
MOD-235,12.41981463130771,0.9360946657064256,0.06321952932526095,50.0,0.1,RTX 4090,52.015511860056485,Approved
MOD-236,26.208785173338747,0.8402122477887115,0.19619019533278054,10.0,0.001,NVIDIA V100,73.60367705130983,Approved
MOD-237,13.3761938059083,0.8151874721716198,0.16867130464104976,100.0,0.1,nan,76.87124285003705,Approved
MOD-238,13.720618661295344,0.9152893948845866,0.09775505834951825,500.0,0.001,RTX 4090,74.0965344726938,Approved
MOD-239,,0.7453561182753266,0.26950024933064365,100.0,0.0001,Unknown,56.40350625796506,Rejected
MOD-240,19.09285316025536,0.710574053461314,0.14842939993851498,500.0,0.001,NVIDIA V100,69.1932045593882,Pending
MOD-241,14.339858862658732,,,50.0,0.0001,NVIDIA V100,54.25321791959135,Approved
MOD-242,17.990226821192678,0.8188322714512966,0.27943480163480766,10.0,0.1,NVIDIA A100,82.95760886123348,Approved
MOD-243,4.320409679079441,0.8943066665425237,0.1326823464070742,100.0,0.001,RTX 4090,63.31156334305531,Approved
MOD-244,26.722813622140936,0.9373241139451197,0.014790473610393373,50.0,0.01,NVIDIA A100,82.04322887567918,Rejected
MOD-245,30.431795194953324,0.8926411263320911,0.13985695197560322,100.0,0.01,NVIDIA V100,79.56695714947317,Approved
MOD-246,14.300289326274353,0.9309522649461396,0.12202176156252736,10.0,0.01,NVIDIA V100,64.7952771797115,Rejected
MOD-247,38.229495270122264,0.8756841866665731,0.14993913914294624,10.0,0.01,RTX 4090,62.93772038985804,Pending
MOD-248,33.414347420767506,0.8895676598656879,0.10672598481280994,,0.01,RTX 4090,74.8029617310907,Approved
MOD-249,19.32747259841216,0.8406674232134184,0.1472251154953851,10.0,0.001,NVIDIA A100,65.24540770253543,Approved
MOD-250,27.920808199987135,0.8872036368812145,0.10048087535044514,,0.001,NVIDIA V100,,Approved
MOD-251,23.97689967255097,0.863332226285081,0.17155661876547965,,0.001,RTX 4090,68.13737927354465,Rejected
MOD-252,3.5116433172453476,0.8760141437223251,0.05362965652469348,100.0,0.001,nan,57.750732684274936,Pending
MOD-253,11.252385060042013,0.8366620773530529,0.1447442646041768,100.0,0.01,RTX 4090,54.15625584700433,Approved
MOD-254,20.09204800494421,0.9147143360377038,0.16506615511284362,50.0,0.01,Unknown,73.81347398795678,Review
MOD-255,31.541437581414424,0.7931637960132039,0.28854596731565496,500.0,0.01,CPU Only,67.507538029355,Approved
MOD-256,4.941223683015917,0.8485320783276714,0.07756056728224549,10.0,0.001,RTX 4090,67.57528146468694,Pending
MOD-257,3.7006491041220584,0.9549427120166061,-0.011513392579786522,50.0,0.01,NVIDIA A100,77.56691071275029,Rejected
MOD-258,12.884911412555436,0.77410225416631,0.2123667168572932,100.0,0.01,RTX 4090,81.38753821305956,Rejected
MOD-259,2.574475565996812,0.6770523630597896,0.3675771127959281,50.0,0.001,RTX 4090,69.81964222910553,Rejected
MOD-260,12.61882829117006,0.8793165733038377,0.029309708993512762,50.0,0.0001,RTX 4090,69.2752103447211,Rejected
MOD-261,16.556173119815707,0.8294436407717201,0.16781592748240604,50.0,0.01,NVIDIA V100,76.00114426491108,Pending
MOD-262,7.037383028455997,0.9308689792297471,0.04542206294127065,50.0,0.001,NVIDIA V100,61.144515442403396,Pending
MOD-263,,0.8395587936082405,0.2267394401060212,500.0,0.001,NVIDIA V100,73.78522443798158,Rejected
MOD-264,22.75134821984868,0.801652874274935,0.11450170202660225,10.0,0.0001,NVIDIA V100,76.41508777457723,Approved
MOD-265,9.455512286591935,0.8439346083345429,0.1606924224401382,1000.0,0.1,NVIDIA A100,77.44184166734104,Approved
MOD-266,7.85077536610234,0.9374454869290568,0.042874041203513485,100.0,0.01,CPU Only,56.50597837998028,Pending
MOD-267,12.478387559352583,0.89602957017539,0.17746037613847443,500.0,0.01,NVIDIA A100,65.90915784152847,Rejected
MOD-268,,0.6552878194761572,0.37459481284150525,50.0,0.1,NVIDIA A100,64.97389397741227,Rejected
MOD-269,36.66887869644526,0.8648613993669417,0.10584781767017154,100.0,0.001,NVIDIA V100,,Rejected
MOD-270,13.623336532448018,0.8688609705921124,0.17380835157434169,10.0,0.001,RTX 4090,75.84595663814387,Pending
MOD-271,8.397273545947204,0.8485400027839585,0.13201855455061284,500.0,0.001,NVIDIA V100,83.97368325956785,Rejected
MOD-272,15.157895393962008,0.8011288086745129,0.24883767688747482,10.0,0.001,NVIDIA V100,68.04027615705542,Pending
MOD-273,12.437047239951745,0.9455625499605156,0.0425836004952055,500.0,0.1,RTX 4090,68.01942001352629,Pending
MOD-274,11.60927983782274,,,,-0.01,NVIDIA V100,81.19737615102997,Approved
MOD-275,9.453931115658435,0.673747163133931,0.3480569346224315,10.0,0.0001,Unknown,74.37261550824245,Approved
MOD-276,,0.7861632417806844,0.37686131225388675,10.0,0.01,Unknown,82.1412120895038,Pending
MOD-277,4.393710872858527,0.8384215478971424,0.15893365183205738,100.0,0.1,NVIDIA V100,74.3098240240787,Approved
MOD-278,27.897329778725858,0.9258806562973336,0.0932624582837388,10.0,0.01,NVIDIA V100,62.74306705029383,Review
MOD-279,18.616665554048385,0.8527882301113413,,500.0,0.01,RTX 4090,61.33497316177755,Approved
MOD-280,16.039560706615998,0.7953124959868061,0.20482177105093285,10.0,0.1,NVIDIA A100,59.58790200752857,Approved
MOD-281,12.315924726683797,0.90676268618459,-0.041854442892062055,10.0,0.01,NVIDIA V100,77.29641467806779,Review
MOD-282,6.954201503955507,0.8330931131559206,0.190186087671131,,0.01,NVIDIA V100,198.32953851116582,Rejected
MOD-283,8.06213220574931,0.8406079312676032,0.22653577937986735,100.0,0.01,Unknown,86.79489713109105,Approved
MOD-284,4.765771175525014,0.8478273253276739,0.1720041749022938,500.0,0.1,NVIDIA A100,78.74484265858592,Pending
MOD-285,8.720195569334114,0.8959446752670787,0.038362251834052466,50.0,0.001,RTX 4090,81.30270862027989,Rejected
MOD-286,6.308638272243996,0.825316031866097,0.1345946104984529,100.0,0.001,RTX 4090,67.35986933877052,Rejected
MOD-287,,0.9049557194117778,-0.02646532576959129,50.0,0.01,NVIDIA V100,62.74867346604915,Approved
MOD-288,21.905086210478217,0.8441544825274342,0.20479171781583702,100.0,0.0001,NVIDIA A100,78.80063465934043,Pending
MOD-289,13.975071863406063,1.3167743020229232,,100.0,0.0001,nan,75.3414460179152,Pending
MOD-290,7.464874244993683,0.8470578955443642,0.15150667494502443,50.0,0.01,NVIDIA V100,72.85955499472713,Approved
MOD-291,6.530835066170537,0.7687829277483827,0.22353019363525625,50.0,0.001,RTX 4090,75.09897184506391,Pending
MOD-292,11.838823895276455,0.8532789431820753,0.22110740860083802,10.0,0.01,NVIDIA A100,74.58548385966564,Pending
MOD-293,22.415311906826865,0.9163579143385173,0.08790615155976961,100.0,-0.01,NVIDIA V100,82.27053487882849,Rejected
MOD-294,4.863840595633103,0.7641096795198308,0.27633496648546974,10.0,0.001,NVIDIA V100,82.35988467853565,Rejected
MOD-295,18.47841556436347,0.879141872464355,0.14818131574302806,100.0,0.1,NVIDIA A100,76.35376281872277,Approved
MOD-296,,0.7836770033317434,0.2842935676663266,10.0,0.01,NVIDIA A100,78.76642298050342,Approved
MOD-297,,0.8661360447933237,0.12190777048152833,100.0,0.0001,CPU Only,76.1125004193982,Pending
MOD-298,13.733447635195361,0.9188163393616388,0.1746644271635871,100.0,0.0001,NVIDIA A100,68.31064214372304,Pending
MOD-299,7.634385975260295,0.6796389540711967,0.22107793810883758,10.0,0.001,NVIDIA A100,78.05251739930512,Rejected
MOD-300,11.475943832640931,0.7608419338502923,0.28203174104976947,10.0,-0.01,NVIDIA V100,60.84403944912591,Rejected
MOD-301,7.211121252794124,0.8204816443912062,0.1361873751755872,10.0,0.01,CPU Only,80.43113241836707,Approved
MOD-302,,0.8752032391345292,0.10015928322647313,100.0,0.01,NVIDIA A100,62.44381648187172,Approved
MOD-303,20.500984101464024,0.836689333651334,0.19178137969371775,500.0,0.001,RTX 4090,74.28642629435787,Rejected
MOD-304,14.160934201649184,0.8463295374415265,0.18174056505086064,10.0,0.0001,NVIDIA A100,65.23876833259072,Approved
MOD-305,20.4574620570519,0.99,0.04032140068450358,100.0,0.001,NVIDIA A100,76.42711186459542,Rejected
MOD-306,8.621823658392742,0.7530034176920618,0.17768868510267627,50.0,0.01,NVIDIA A100,,Approved
MOD-307,18.555957575860347,0.9408388013090216,0.13161271025494037,50.0,0.001,CPU Only,59.24195233469334,Pending
MOD-308,3.9704303026927223,0.8220017498276466,0.13296589426096958,1000.0,0.01,NVIDIA A100,,Approved
MOD-309,13.729811490346517,0.8939579833998987,0.0676776620888413,50.0,0.001,NVIDIA A100,171.60581184009646,Rejected
MOD-310,19.25661816455779,0.99,0.04189483690834144,50.0,0.001,NVIDIA V100,79.04917376650695,Rejected
MOD-311,3.847998337389174,0.905094241894834,0.08056969936710397,10.0,0.0001,CPU Only,72.01060550987526,Approved
MOD-312,8.687856547891142,,,10.0,0.01,NVIDIA V100,,Approved
MOD-313,,0.9779297868119501,-0.08575982164358949,10.0,0.001,NVIDIA V100,64.3394483598783,Approved
MOD-314,23.35294507149324,0.9399838915674553,0.07423233090850626,10.0,0.01,NVIDIA A100,67.28534214858111,Pending
MOD-315,9.155932317175296,0.7860484739070851,0.22484312006852566,100.0,0.01,NVIDIA V100,68.33089091119132,Approved
MOD-316,18.143851397849204,0.8735619793963084,0.10094509371547741,50.0,0.0001,RTX 4090,78.85361984194044,Pending
MOD-317,28.906950568970906,0.7126003412687392,0.18369586074302136,50.0,0.1,RTX 4090,85.41901670244391,Review
MOD-318,18.6219206778158,0.8067877289300599,0.18257185799585987,10.0,0.01,NVIDIA V100,65.558625986057,Pending
MOD-319,11.743237784760616,0.8751242374079887,0.12300706960208063,10.0,0.0001,NVIDIA V100,80.61478515726144,Approved
MOD-320,16.59910649911064,0.8018315717774993,0.17980697870597595,100.0,0.1,NVIDIA A100,54.64258065819438,Review
MOD-321,8.984825547296749,0.8718693396777539,0.03632193710062118,,0.0001,NVIDIA V100,62.44648479126168,Approved
MOD-322,14.052905930727952,0.8489292307477568,0.23080746961808896,10.0,0.01,NVIDIA A100,64.3297723505058,Rejected
MOD-323,12.102198509521164,0.8929133385916034,0.07514358501117796,500.0,-0.01,CPU Only,61.17993048447422,Pending
MOD-324,16.284170333722887,,,50.0,0.01,nan,59.33129288169936,Rejected
MOD-325,10.245186079005936,0.774788086845063,0.10473819709402252,50.0,0.01,nan,75.30399129710239,Rejected
MOD-326,16.82030233965012,0.9682501460938608,0.11149262134104954,50.0,0.01,CPU Only,70.28745841817711,Approved
MOD-327,10.182928360119154,0.8103442605848045,0.16632824282849273,10.0,0.001,RTX 4090,75.03524318084088,Approved
MOD-328,21.785766245987553,0.9028008474493694,0.10212229340434073,10.0,0.01,RTX 4090,77.5237814889721,Rejected
MOD-329,10.844584795023781,0.9648197621178028,0.09121711012302972,100.0,0.01,NVIDIA V100,74.12493594538027,Approved
MOD-330,2.6552742937665137,0.8630135999198025,0.10317118984436616,50.0,0.01,RTX 4090,77.26210540920299,Review
MOD-331,6.679897461688654,0.781495474444548,0.2666667749247792,1000.0,0.0001,NVIDIA V100,71.44374171006184,Review
MOD-332,13.484284872724086,0.8357112020362124,0.06122252516673049,50.0,0.1,NVIDIA V100,62.50405289355405,Pending
MOD-333,32.239755117808286,0.9314032733285402,0.09614605955002543,10.0,0.01,CPU Only,80.46251344656636,Rejected
MOD-334,21.31662699180067,0.866499803659029,0.21211230466695363,100.0,0.1,NVIDIA V100,67.28710293775099,Rejected
MOD-335,2.2020852949640073,0.7535886566236578,0.2173905010154407,10.0,0.1,NVIDIA V100,64.51522960990059,Review
MOD-336,4.537848497501103,0.897731506682697,0.15821257433222297,50.0,0.0001,Unknown,159.747138448508,Pending
MOD-337,25.0220106017648,0.9115625175240799,0.18013361508560927,100.0,0.01,NVIDIA A100,64.6975126456279,Rejected
MOD-338,19.196063648497738,0.8215750491105653,0.1656828589867337,1000.0,0.001,NVIDIA V100,68.66055694408455,Approved
MOD-339,41.79456410762444,0.8988195500483797,0.0843040356591273,100.0,0.1,Unknown,74.75243137250773,Approved
MOD-340,9.923362504823784,0.8696014876368373,0.08548382507154749,100.0,0.001,RTX 4090,74.78673391396902,Rejected
MOD-341,7.528503924928427,,,100.0,0.01,NVIDIA V100,64.81735946859496,Rejected
MOD-342,13.926246990628563,0.7465171405125068,0.21271486497386216,1000.0,0.001,NVIDIA A100,68.09835701641005,Pending
MOD-343,9.801179008484265,0.9362363116084605,0.01880813347017809,10.0,0.001,NVIDIA V100,80.59466403816195,Approved
MOD-344,23.72561915017566,0.9107368799935867,0.14920488484198116,10.0,0.001,CPU Only,75.97120094187153,Approved
MOD-345,9.587550372986499,0.896710903550025,0.063792795185562,10.0,0.01,RTX 4090,88.60052031478833,Approved
MOD-346,11.24897218449034,0.9735620802942475,0.03936401544173364,10.0,0.01,NVIDIA V100,81.44102538993222,Approved
MOD-347,6.832061831499266,0.9256154981610875,0.07629617359972443,100.0,0.0001,NVIDIA A100,81.15434454847951,Approved
MOD-348,20.518363932670695,0.904925280492125,0.1699794476364312,100.0,0.1,NVIDIA A100,60.897051596353585,Rejected
MOD-349,7.132269810816885,0.6729418121578534,0.3019003762393959,50.0,0.01,nan,78.11088281306738,Rejected
MOD-350,,0.9457515961441932,0.07330580618852287,10.0,-0.01,NVIDIA V100,185.68036831317357,Pending
MOD-351,35.27758604448032,0.856646441142564,0.1829070439712414,100.0,0.01,RTX 4090,67.592145571694,Approved
MOD-352,3.4450371255480094,0.8749993344205711,0.199488145945458,50.0,0.001,NVIDIA A100,73.34412272426023,Approved
MOD-353,29.658444429468787,0.8755466551754708,,100.0,0.0001,RTX 4090,79.56169227689188,Rejected
MOD-354,15.752393551752082,0.9119066194913823,0.05719875707199869,50.0,0.0001,Unknown,,Pending
MOD-355,,0.9397740023041348,0.00713694499786259,50.0,0.1,RTX 4090,64.97220958926351,Approved
MOD-356,14.246631920289751,0.9007392914447377,,10.0,0.01,NVIDIA A100,77.93967130874097,Pending
MOD-357,20.180440694210983,0.8880228471455913,0.18120077476342805,10.0,0.1,RTX 4090,66.89929966339228,Approved
MOD-358,7.864540316299533,,,500.0,0.01,CPU Only,73.7334649517143,Pending
MOD-359,17.565211497753488,0.5818711586476257,0.5147007989087271,1000.0,0.0001,NVIDIA V100,69.57319946018292,Pending
MOD-360,31.03064080982682,0.8269927184439849,0.16791411183773222,100.0,0.0001,CPU Only,70.24906998611499,Approved
MOD-361,9.579693169095886,0.7746728386119484,0.26154768495972813,10.0,0.001,RTX 4090,78.12994380032407,Rejected
MOD-362,6.775537552123878,0.9468591631151267,0.053649431971009284,50.0,0.01,CPU Only,63.67845024147282,Approved
MOD-363,12.332432315259926,0.8995229758629035,0.12036729672462003,100.0,0.1,RTX 4090,87.56156059421546,Pending
MOD-364,13.793520403188282,0.8133490410229013,0.20123903110377606,100.0,0.01,NVIDIA A100,,Rejected
MOD-365,24.411354807570234,0.8213826254184604,0.1573681059127071,10.0,0.01,NVIDIA V100,67.21865853396115,Rejected
MOD-366,12.084367709379471,0.8184814909358062,0.2361434359684614,10.0,0.0001,NVIDIA A100,74.96169511953393,Pending
MOD-367,10.142754903180897,0.8170539076544864,0.21874371322970868,100.0,0.001,Unknown,76.67451333148247,Pending
MOD-368,6.659224149447551,0.7344354045180161,0.31694932515705776,50.0,0.0001,CPU Only,71.19619423542636,Approved
MOD-369,3.871807308098165,0.7170976405377786,0.29891371873718875,10.0,0.01,RTX 4090,71.54087437598766,Rejected
MOD-370,5.33076122233719,0.8523237417905395,0.1023477641206038,10.0,0.01,NVIDIA V100,75.28440068262093,Approved
MOD-371,5.30811505021458,0.9360251311487483,,50.0,0.0001,NVIDIA A100,70.15144418033856,Approved
MOD-372,11.324107832360056,0.806984824205771,0.1798873641158577,500.0,0.001,CPU Only,83.14545006347925,Rejected
MOD-373,4.440810104773579,0.8742755800739236,0.14392777135449714,,0.01,NVIDIA V100,78.71479291385282,Approved
MOD-374,12.894912674578965,0.908740873374138,0.12302819456697545,50.0,0.0001,NVIDIA A100,78.98259480804508,Approved
MOD-375,34.844533762330705,0.7705297435532914,0.24734134225758952,50.0,0.001,RTX 4090,64.27074621303666,Pending
MOD-376,24.80908641231485,0.8484019657024078,0.19736888535910593,10.0,0.001,NVIDIA A100,71.36489260475437,Approved
MOD-377,11.256163599162203,0.7966783614981188,0.25699053461770616,50.0,0.001,NVIDIA V100,69.59627241023438,Rejected
MOD-378,47.314213335381,0.9784895593465035,0.0102687655011341,50.0,0.0001,NVIDIA V100,63.955188994484274,Approved
MOD-379,13.822718077312302,0.9749967605489691,,100.0,0.0001,NVIDIA A100,74.88131347156613,Approved
MOD-380,15.016965990529716,0.7706125728100119,0.2160422494819248,50.0,0.0001,nan,,Approved
MOD-381,12.189027553611385,0.880870750646746,0.1359667017972934,10.0,0.01,NVIDIA A100,,Rejected
MOD-382,13.067687978450227,0.9354079440649992,0.04520814675478925,10.0,0.0001,NVIDIA A100,63.43846749684535,Pending
MOD-383,9.370274101894434,0.9178663600301064,0.04845996383735413,50.0,0.001,NVIDIA A100,85.75232490273457,Approved
MOD-384,11.357928844459986,0.8565250427987492,0.19568451164079406,10.0,0.001,CPU Only,64.8293387312635,Approved
MOD-385,29.769173589756726,0.9545245969411478,0.20157024793015446,10.0,0.01,NVIDIA V100,73.75441869760348,Review
MOD-386,26.314871213457927,0.7776388248808453,0.2042731807031388,,0.1,RTX 4090,78.33487448310454,Approved
MOD-387,2.558285235142775,0.8257525644484246,0.23501351428547934,50.0,0.0001,NVIDIA A100,193.38615764025462,Pending
MOD-388,4.8266520726041575,0.779788606419234,0.2039158279457563,50.0,0.01,NVIDIA A100,78.81974914746361,Approved
MOD-389,7.937453358466683,0.9125994795760497,0.08687627158115008,500.0,0.001,NVIDIA V100,62.16653121759667,Pending
MOD-390,22.525169178131872,0.8033890500560439,0.28449013855553973,,0.1,CPU Only,83.61694159346048,Approved
MOD-391,26.64343684727099,0.8363000659650331,0.11002316978120155,50.0,0.01,CPU Only,178.13277114513713,Pending
MOD-392,20.136401433905657,0.8994136294612599,,500.0,-0.01,NVIDIA A100,67.22870873624896,Pending
MOD-393,6.076044459959462,0.9058599931022253,0.08978007445961722,50.0,0.001,NVIDIA V100,69.60654582058052,Rejected
MOD-394,9.492814418148699,1.657141087562922,-0.6239582861660383,50.0,0.001,Unknown,78.47135415514175,Approved
MOD-395,17.741496306894053,0.9345324227018234,0.08865090588222074,50.0,0.01,NVIDIA V100,67.32435766519649,Pending
MOD-396,11.465771110710712,0.8864551734933801,0.1315787852912697,100.0,0.01,CPU Only,66.00513848461777,Rejected
MOD-397,10.50111368722845,0.7634637728335678,0.23824282624201107,100.0,0.1,NVIDIA A100,70.2277072193301,Approved
MOD-398,10.597884274579044,0.7437827283394709,,50.0,0.01,Unknown,62.584303097840255,Approved
MOD-399,25.21600010174567,0.8487344231790346,0.005581954718716808,10.0,0.0001,CPU Only,86.56435126353452,Pending
MOD-400,,0.9180075191453447,0.04445221560026823,100.0,0.01,Unknown,67.4688432702822,Approved
MOD-401,10.962232009073682,0.9200572689920784,0.0752621105437492,10.0,0.01,RTX 4090,78.65293428944322,Rejected
MOD-402,16.177403301168226,0.8784933501779874,0.15673338977713813,50.0,0.01,NVIDIA V100,73.67576066918218,Rejected
MOD-403,5.5047610458184675,0.853893987066146,0.22059426993728226,100.0,0.001,Unknown,,Pending
MOD-404,9.504519589040111,0.8909390135263204,0.06480600106532255,100.0,-0.01,NVIDIA V100,71.95236232629817,Review
MOD-405,23.863397796133846,0.7815735588488593,0.2912803724279691,100.0,0.01,NVIDIA V100,78.27202223448599,Review
MOD-406,4.234262450441656,,,500.0,0.01,RTX 4090,70.49390931930955,Approved
MOD-407,18.918702328654255,0.9839150734498017,0.009589437401164018,50.0,0.01,CPU Only,81.54490356680822,Pending
MOD-408,2.535161180309456,0.8843049851696558,0.14476664077022483,100.0,0.001,Unknown,80.17212314225492,Approved
MOD-409,32.53511727340027,0.8657840335994281,0.12405416243523323,100.0,0.001,NVIDIA A100,79.35131883726663,Rejected
MOD-410,9.360633072191133,0.8170863221872504,0.23841955814606547,10.0,0.1,CPU Only,68.32274582181603,Rejected
MOD-411,16.86499294812529,0.8922999076639728,0.08746988508036999,10.0,0.001,RTX 4090,63.361260417748106,Approved
MOD-412,14.287913791020125,0.7946946103186578,0.18582864011732547,10.0,0.001,NVIDIA A100,67.09129915709764,Review
MOD-413,14.598578156543615,0.6721110375203575,0.3804879601901091,50.0,0.01,NVIDIA V100,73.56992752533377,Approved
MOD-414,16.007734474975067,0.6328714159607131,0.328972364625904,100.0,-0.01,NVIDIA V100,76.36629370825884,Rejected
MOD-415,3.6771237888222985,0.786040133346921,0.22640632141891198,500.0,0.01,NVIDIA V100,54.62742876191642,Pending
MOD-416,14.777667821421574,0.8625102498334621,0.05446561678184665,10.0,0.01,nan,71.93509438710599,Pending
MOD-417,11.886825881111747,0.8765577387162786,0.2144242288867809,10.0,0.001,RTX 4090,73.26471380258548,Approved
MOD-418,9.393948569115423,0.8110594393192572,0.24926815749258158,,0.001,RTX 4090,69.7796459494756,Rejected
MOD-419,7.93463377659264,0.8613468133714323,0.2761585466076055,10.0,0.001,nan,82.33019071212703,Pending
MOD-420,14.997180597586146,0.8280617314356375,0.23885645513668174,50.0,0.001,NVIDIA V100,75.37424059400696,Approved
MOD-421,,0.770054979387989,0.17346250913198696,50.0,0.0001,CPU Only,82.48153526464718,Rejected
MOD-422,23.62523605689877,0.84570043928247,0.18773205372555965,50.0,0.01,NVIDIA V100,70.27231583719814,Approved
MOD-423,,0.9150365689892519,0.039062992899657874,10.0,0.0001,CPU Only,79.4998199400554,Rejected
MOD-424,15.534962639543938,0.7736750601802942,0.3052268151723607,10.0,0.001,NVIDIA A100,85.08053115622016,Pending
MOD-425,23.074055896207483,0.7737116309584241,0.1712313546426973,10.0,0.001,Unknown,82.4935475941813,Rejected
MOD-426,3.2432405463083427,0.7644599524838274,0.17808230330418276,50.0,0.001,NVIDIA A100,63.26286725257013,Rejected
MOD-427,5.376907024958355,0.6950785012393507,0.224430926075815,50.0,0.01,NVIDIA V100,69.97059137966096,Rejected
MOD-428,18.02235052655384,0.8115838100682384,0.1639971988686115,10.0,0.0001,CPU Only,69.23868235640163,Rejected
MOD-429,8.242151766785605,0.9071268890362024,0.05839921972461901,100.0,0.001,NVIDIA V100,75.91403628061062,Approved
MOD-430,8.93763529898598,0.863913286706701,0.07300425800133575,500.0,0.01,RTX 4090,77.49082844011626,Approved
MOD-431,4.8301805659170665,1.2345885493194149,-0.13509809410723866,10.0,0.001,NVIDIA V100,65.28885860779411,Rejected
MOD-432,6.847185273055336,0.8603251838592135,0.1661688509601187,50.0,-0.01,RTX 4090,72.5427081113355,Rejected
MOD-433,23.919199012712454,0.8108814810056674,0.20973024598716822,100.0,0.001,NVIDIA A100,55.84058134275091,Rejected
MOD-434,17.78047590449915,0.6941690690189222,0.3852891519434742,10.0,0.1,NVIDIA A100,83.53556004641511,Approved
MOD-435,14.900170732431006,0.9126975025451652,0.10011538705698149,50.0,0.01,NVIDIA V100,67.90100607458645,Approved
MOD-436,9.163904344752277,0.9356899659027721,0.02687602402197093,100.0,0.01,NVIDIA V100,72.44691151875598,Approved
MOD-437,14.354555927472045,0.791747457914577,0.12324205495954015,500.0,0.01,NVIDIA A100,69.5228022880955,Review
MOD-438,25.0906366984608,0.8379331503514755,0.12181398003135428,500.0,0.001,NVIDIA V100,81.16822060010732,Rejected
MOD-439,8.376588094907529,0.8310400663151871,0.24423071371023602,50.0,0.01,NVIDIA V100,49.29994846882097,Approved
MOD-440,13.049688971490824,0.8781031047539634,0.05913008946172864,100.0,0.01,NVIDIA A100,71.86711726139272,Approved
MOD-441,,0.9851914765301032,0.03246488536979064,50.0,0.1,RTX 4090,71.15344994001842,Review
MOD-442,19.987161969833906,0.9427832996231444,,100.0,0.0001,CPU Only,68.37090889926654,Approved
MOD-443,9.247913198554786,,,50.0,0.0001,NVIDIA A100,85.80981236508507,Pending
MOD-444,19.082067464383726,0.8933971089200189,0.12655205751951026,10.0,0.01,RTX 4090,64.90136432915384,Approved
MOD-445,4.182801717585631,0.950348549485817,0.08243164615785428,100.0,0.01,RTX 4090,78.17436941788529,Review
MOD-446,12.734774056403307,0.8826676131515823,0.1362964304395502,50.0,0.01,NVIDIA V100,,Pending
MOD-447,19.070271143015244,0.8496240476447862,0.23082966097887794,50.0,0.0001,RTX 4090,82.09215402028413,Rejected
MOD-448,16.684785466571192,0.8856800075733748,0.06230540601524463,1000.0,0.1,NVIDIA V100,160.37557476924394,Approved
MOD-449,18.965917710530526,0.7937382781949222,0.21828296564701713,10.0,0.001,NVIDIA V100,66.13624880700993,Approved
MOD-450,21.367088355425103,0.8054175100716735,0.1036704682284691,50.0,0.01,NVIDIA A100,80.76855925981918,Rejected
MOD-451,17.44491276322437,1.3556009383902567,-0.4592882477495836,10.0,0.001,RTX 4090,75.40257046664088,Rejected
MOD-452,,0.8745651613256195,0.12135128713178135,100.0,0.01,RTX 4090,59.64050122658593,Approved
MOD-453,15.102002397760522,0.839487767518221,0.18768121092901688,100.0,0.01,NVIDIA A100,67.68555988429384,Approved
MOD-454,6.31107514330468,0.7841505550921536,0.29738283376972463,50.0,0.001,NVIDIA V100,75.09106123078449,Rejected
MOD-455,23.913305388537722,0.8368656470703596,0.2841239395801636,100.0,0.0001,nan,78.70211377237271,Rejected
MOD-456,13.012967519887333,0.8875998608610536,0.17839317267222043,50.0,0.01,NVIDIA V100,66.56615477445636,Approved
MOD-457,19.707729138753262,0.99,0.046358287219901435,100.0,0.01,NVIDIA V100,48.68595208146447,Approved
MOD-458,22.555357876166617,0.9309654291763086,0.07703281361238212,50.0,-0.01,Unknown,76.18578548589626,Review
MOD-459,9.548098528842138,0.6672681714014128,0.2561704254394183,50.0,0.01,RTX 4090,62.237434480448194,Rejected
MOD-460,10.091029368403756,0.8691446773456276,0.12355349236728247,1000.0,0.01,RTX 4090,55.86128961502071,Pending
MOD-461,10.964914478855135,0.9643459410170283,0.10017289654588299,10.0,0.01,CPU Only,49.34139260012687,Rejected
MOD-462,26.43930769550636,1.3813999496108962,-0.33648585680949417,10.0,0.01,CPU Only,78.51184688158193,Approved
MOD-463,7.281572560758538,0.8941247416169938,0.041558551048858736,50.0,0.01,NVIDIA V100,73.02893960323973,Approved
MOD-464,28.980997206110523,,,,0.0001,NVIDIA V100,70.19474895430199,Approved
MOD-465,15.003447134670466,0.9420232424732928,0.08439639812009318,50.0,0.01,NVIDIA V100,83.11219490370209,Pending
MOD-466,15.634809101595241,0.8823405756010761,0.13515393040466073,10.0,0.001,nan,77.09859746418458,Rejected
MOD-467,21.996055606942694,0.7792787636352635,0.21932845859586977,50.0,0.001,RTX 4090,84.93040034177534,Approved
MOD-468,14.016526895530028,0.8339318817367504,0.1993473166104593,50.0,0.001,NVIDIA A100,60.85811622266403,Review
MOD-469,24.062194598065876,0.8386643459161901,0.1962013060294298,10.0,0.1,CPU Only,71.72359500836829,Approved
MOD-470,9.53997259703972,0.840145742815196,0.1277813189132337,100.0,0.1,NVIDIA V100,59.06629300041588,Review
MOD-471,28.46849122678033,0.9395410355820211,0.08320966748708371,,0.01,NVIDIA A100,70.16494134515627,Review
MOD-472,10.016580941083156,0.7825904062887816,0.20793983667385768,50.0,0.0001,NVIDIA V100,70.01107316986658,Approved
MOD-473,29.068859577104817,0.9302441047728947,-0.004605798160206814,50.0,0.001,NVIDIA V100,,Approved
MOD-474,10.18837097417248,0.8258200259262783,0.14609962232181345,50.0,-0.01,CPU Only,72.36451104913519,Rejected
MOD-475,11.162371935196607,0.8678808885063332,0.05393462722639558,10.0,0.001,NVIDIA A100,,Rejected
MOD-476,6.700239242605544,0.8557902069024828,0.19321446985102247,500.0,-0.01,CPU Only,77.62752106511115,Rejected
MOD-477,7.995485387972869,0.8482555729534532,0.16953889592426274,50.0,0.0001,RTX 4090,89.23942941906513,Review
MOD-478,13.052132750765097,0.8489117732443742,,50.0,0.01,NVIDIA A100,69.47762675771101,Pending
MOD-479,15.338573201361065,,,100.0,0.001,nan,64.47181839466897,Approved
MOD-480,23.093261558515238,0.9173959939924915,0.08600355138656683,50.0,-0.01,NVIDIA V100,73.96866892253126,Approved
MOD-481,,0.8209827448336056,0.10745611736805072,100.0,0.1,NVIDIA V100,65.58175978288365,Rejected
MOD-482,6.106701109534971,0.9766229803297672,0.0014030926610422052,10.0,0.01,NVIDIA V100,,Approved
MOD-483,16.70576627037452,0.8719744859194282,0.20966822344423644,500.0,0.0001,CPU Only,69.73425568843814,Pending
MOD-484,14.73911013823141,0.8786099407459115,0.08791627799963135,1000.0,0.01,NVIDIA V100,67.47538905700807,Approved
MOD-485,17.77190437819191,0.7830144736534886,0.23074659078440288,100.0,0.01,NVIDIA A100,68.22947423079106,Approved
MOD-486,,0.8102001073275887,0.22699372389814318,,0.001,NVIDIA A100,77.74733938777312,Approved
MOD-487,9.45071251417829,0.794919719365826,0.2345777048619212,10.0,0.01,NVIDIA V100,70.73802413414812,Pending
MOD-488,8.77682803115344,1.7001899771625513,-0.5777169872146463,50.0,0.0001,CPU Only,66.86666543895694,Approved
MOD-489,25.588507341870095,0.9011026463558567,0.04008219079797987,100.0,0.01,NVIDIA V100,85.32281534098824,Pending
MOD-490,28.619805300997008,0.8793785839537771,0.06679826201958275,50.0,0.0001,NVIDIA A100,65.150641274706,Rejected
MOD-491,9.195044334490989,0.9770435324855665,-0.03503125484067318,50.0,0.01,NVIDIA A100,72.28452859226395,Pending
MOD-492,9.31360452873691,0.7789793595831012,0.2062247193660546,50.0,0.01,NVIDIA V100,77.21844921288184,Rejected
MOD-493,19.197624756749835,0.8591895234831105,0.19577934592601207,10.0,0.01,Unknown,58.94931911666342,Approved
MOD-494,30.380207803354928,0.7473648536561364,,50.0,0.01,NVIDIA V100,75.8420840112474,Pending
MOD-495,34.028736203153336,0.776250322271739,0.279417703025458,10.0,0.01,nan,63.5591385961564,Approved
MOD-496,8.929689784970384,0.9511662701870771,0.050590063309309735,100.0,0.01,NVIDIA V100,78.58226224667202,Rejected
MOD-497,10.411675507985535,0.8129468106822827,0.13160335465717113,10.0,0.001,NVIDIA A100,64.29879190464818,Approved
MOD-498,15.80626199439334,0.7857308963151783,0.12670060585642884,10.0,0.01,CPU Only,77.54215225479088,Pending
MOD-499,16.254839858314213,0.6796018499533643,0.24401962535616945,50.0,0.001,NVIDIA V100,80.8466645303577,Review
MOD-500,11.940120859768456,0.7849316281768866,0.18177570141141725,50.0,0.01,RTX 4090,78.89149220506243,Rejected
